episode,steps,total_reward,mean_step_reward,mean_abs_track_error_deg,mean_abs_altitude_error_ft,final_altitude_ft
0,42,13.935132592916489,0.3317888712599164,0.8683306071090483,337.4641994465852,4999.999999996275
1,42,14.09177540242672,0.3355184619625409,0.8459242380930564,323.0716673324683,4999.999999996275
2,42,14.09177540242672,0.3355184619625409,0.8459242380930564,323.0716673324683,4999.999999996275
3,42,14.09177540242672,0.3355184619625409,0.8459242380930564,323.0716673324683,4999.999999996275
4,42,14.09177540242672,0.3355184619625409,0.8459242380930564,323.0716673324683,4999.999999996275
